audio,output,timestamp
.gradio\flagged\audio\c0f113e4a219e911701b\meow2.wav,ğŸ± Kedi sesi,2025-12-04 16:57:46.744378
.gradio\flagged\audio\f544d07924bd685de96e\meow2.wav,ğŸ± Kedi sesi,2025-12-04 16:57:56.201151
.gradio\flagged\audio\9afa34821bb0e7a50ce8\dog1.wav,ğŸ¶ KÃ¶pek sesi,2025-12-04 16:58:09.780759
.gradio\flagged\audio\6026f9eb45bda080d8fb\meow3.wav,ğŸ± Kedi sesi,2025-12-04 16:58:47.555564
.gradio\flagged\audio\d2ee3766c6decb40f27a\audio.wav,ğŸ¶ KÃ¶pek sesi,2025-12-12 19:46:32.771539
.gradio\flagged\audio\215828165052a8d18e9c\audio.wav,ğŸ¶ KÃ¶pek sesi,2025-12-12 19:47:43.087191
.gradio\flagged\audio\e0cd5c01190ec7be7e88\audio.wav,ğŸ¶ KÃ¶pek sesi,2025-12-12 19:47:44.625540
.gradio\flagged\audio\444685eb445e64bea371\audio.wav,ğŸ¶ KÃ¶pek sesi,2025-12-12 19:47:46.265684
.gradio\flagged\audio\67a0de4ca44f820ec7ca\KayÄ±t.wav,ğŸ¶ KÃ¶pek sesi,2025-12-12 19:51:07.539641
